code,qid,question,option_1,option_2,option_3,option_4,correct_option
POF,001,Vad är den primära kraften som lyfter ett flygplan?,Dragkraft,Lyftkraft,Tyngdkraft,Sidokraft,2
POF,002,Vilken av Newtons lagar förklarar varför ett flygplan kan flyga framåt?,Första lagen,Andra lagen,Tredje lagen,Fjärde lagen,3
POF,003,Vad kallas vinkeln mellan vingens korda och den relativa luftströmmen?,Anfallsvinkel,Glidvinkel,Rullvinkel,Givinkel,1
POF,004,Vilken kraft motverkar lyftkraften hos ett flygplan?,Dragkraft,Tyngdkraft,Sidokraft,Framåtkraft,2
POF,005,Vad är syftet med en vingeprofil?,Öka dragkraften,Minska bränsleförbrukningen,Skapa lyftkraft,Stabilisera planet,3
POF,006,Vad händer med lyftkraften om anfallsvinkeln ökar för mycket?,Ökar obegränsat,Blir konstant,Minskar pga stall,Försvinner helt,3
POF,007,Vilken komponent på ett flygplan styr dess gir (yaw)?,Höjdroder,Sidroder,Skevroder,Flaps,2
POF,008,Vad är Bernoulli-principen relaterad till i flygsammanhang?,Lyftkraft,Dragkraft,Tyngdkraft,Sidokraft,1
POF,009,Vilken faktor påverkar lyftkraften mest?,Vingytans storlek,Flygplanets vikt,Luftens temperatur,Motorstyrka,1
POF,010,Vad kallas fenomenet när luftflödet över vingen separerar?,Turbulens,Stall,Drag,Lyft,2
POF,011,Vad är syftet med flaps vid start och landning?,Öka lyftkraft vid låga hastigheter,Minska bränsleförbrukning,Styra gir,Öka hastighet,1
POF,012,Vad är syftet med höjdroder?,Styra stigning och sjunkning,Styra gir,Öka lyftkraft,Minska dragkraft,1
POF,013,Vilken faktor påverkar luftdensiteten mest?,Höjd,Hastighet,Vingform,Motorstyrka,1
POF,014,Vad kallas den punkt där flygplanets totala vikt verkar?,Tyngdpunkt,Lyftpunkt,Dragpunkt,Rullpunkt,1
POF,015,Vad är syftet med skevroder?,Styra rullning,Styra stigning,Öka lyftkraft,Minska hastighet,1
POF,016,Vilken kraft gör att ett flygplan svänger i en kurva?,Centripetalkraft,Lyftkraft,Dragkraft,Tyngdkraft,1
POF,017,Vad är den relativa vindens riktning i förhållande till flygplanet?,Motsatt flygplanets rörelse,Samma som flygplanets rörelse,Vinkelrät mot vingen,Oberoende av rörelse,1
POF,018,Vad är en vanlig orsak till turbulens?,Plötsliga vindförändringar,Vingform,Motorvibrationer,Höjdroderjusteringar,1
POF,019,Vad är Mach-talet ett mått på?,Hastighet i förhållande till ljudets hastighet,Lyftkraft,Dragkraft,Luftdensitet,1
POF,020,Vilken del av vingen bidrar mest till lyftkraften?,Ovansidan,Undersidan,Framkanten,Bakkanten,1
POF,021,Vad kallas den hastighet där ett flygplan varken stiger eller sjunker?,Stallhastighet,Krysshastighet,Maxhastighet,Glidhastighet,2
POF,022,Vad är syftet med en stabilisator på ett flygplan?,Ge longitudinell stabilitet,Öka lyftkraft,Minska vikt,Styra sidrörelse,1
POF,023,Vad är den primära funktionen för en jetmotor?,Skapa dragkraft,Skapa lyftkraft,Styra planet,Minska ljudnivå,1
POF,024,Vad är en vanlig effekt av att flyga i hög höjd?,Lägre luftdensitet,Högre lyftkraft,Ökad dragkraft,Minskad tyngdkraft,1
POF,025,Vad kallas det när ett flygplan roterar runt sin vertikala axel?,Gir,Rullning,Stigning,Sjunkning,1
POF,026,Vilken typ av vinge ger bäst lyftkraft vid låga hastigheter?,Högvinge,Lågvinge,Deltaformad vinge,Rektangulär vinge,1
POF,027,Vad är en stallhastighet?,Minsta hastighet för att bibehålla lyft,Högsta tillåtna hastighet,Hastighet vid landning,Hastighet vid start,1
POF,028,Vad påverkar dragkraften mest?,Motorstorlek,Vingform,Luftdensitet,Flygplanets vikt,1
POF,029,Vilken komponent används för att minska vingens lyftkraft vid landning?,Flaps,Spoilers,Skevroder,Höjdroder,2
POF,030,Vad är syftet med en trimflik?,Justera flygplanets balans,Öka hastighet,Minska bränsleförbrukning,Styra svängar,1
POF,031,Vad kallas den vinkel som vingen är monterad i förhållande till flygkroppen?,Dihedralvinkel,Anfallsvinkel,Glidvinkel,Svepevinkel,1
POF,032,Vad är den största fördelen med en deltaformad vinge?,Hög hastighet och manövrerbarhet,Låg vikt,Hög lyftkraft vid låga hastigheter,Låg kostnad,1
POF,033,Vad är en vanlig orsak till att ett flygplan rullar?,Obalans i skevroder,Höjdroderfel,Motorstopp,Vindbyar,1
POF,034,Vilken kraft motverkar dragkraften?,Lyftkraft,Tyngdkraft,Friktion,Aerodynamiskt motstånd,4
POF,035,Vad är syftet med en pitotrör?,Mäta lufthastighet,Mäta höjd,Mäta bränsleflöde,Mäta temperatur,1
POF,036,Vad kallas det när ett flygplan tappar lyftkraft pga låg hastighet?,Stall,Turbulens,Glidning,Svängning,1
POF,037,Vilken typ av motor används oftast i kommersiella flygplan?,Kolvmotor,Jetmotor,Turboprop,Elektrisk motor,2
POF,038,Vad är en viktig faktor för att bestämma flygplanets räckvidd?,Bränslekapacitet,Vingform,Höjdroderstorlek,Sidroderstorlek,1
POF,039,Vad kallas den vinkel som flygplanet har i förhållande till horisonten under stigning?,Stigningsvinkel,Anfallsvinkel,Glidvinkel,Rullvinkel,1
POF,040,Vad är syftet med en leading edge slat?,Öka lyftkraft vid låga hastigheter,Minska bränsleförbrukning,Styra gir,Öka hastighet,1
POF,041,Vad är en vanlig orsak till att ett flygplan tappar höjd?,Minskad lyftkraft,Ökad dragkraft,Motorstopp,Höjdroderfel,1
POF,042,Vad kallas den hastighet där flygplanet kan flyga med minsta möjliga effekt?,Bästa glidvinkel,Krysshastighet,Stallhastighet,Maxhastighet,2
POF,043,Vad är en fördel med att ha en hög vingbelastning?,Bättre manövrerbarhet vid höga hastigheter,Högre lyftkraft vid låga hastigheter,Lägre bränsleförbrukning,Minskad vikt,1
POF,044,Vad är syftet med en spoiler på vingen?,Minska lyftkraft,Öka lyftkraft,Styra gir,Öka hastighet,1
POF,045,Vad är den relativa vindens effekt på lyftkraften?,Ökar med högre hastighet,Minskar med högre hastighet,Är oberoende av hastighet,Påverkar bara vid svängar,1
POF,046,Vad är en viktig funktion hos en flygkropp?,Ge strukturell styrka,Skapa lyftkraft,Minska luftmotstånd,Styra planet,1
POF,047,Vad kallas det när ett flygplan rör sig sidledes utan att gira?,Sidoslir,Stall,Rullning,Svängning,1
POF,048,Vad är syftet med en vertikal stabilisator?,Ge riktningsstabilitet,Öka lyftkraft,Minska dragkraft,Styra stigning,1
POF,049,Vad kallas den punkt där lyftkraften verkar på vingen?,Lyftpunkt,Tyngdpunkt,Aerodynamiskt centrum,Rullpunkt,3
POF,050,Vad är en fördel med en turbopropmotor?,Hög effektivitet vid låga hastigheter,Hög hastighet,Låg vikt,Låg kostnad,1
POF,051,Vad är syftet med en luftbroms?,Minska hastighet,Öka lyftkraft,Styra gir,Minska bränsleförbrukning,1
POF,052,Vilken faktor påverkar stallhastigheten mest?,Vingbelastning,Motorstyrka,Luftdensitet,Flygplanets längd,1
POF,053,Vad är syftet med en vingspets?,Minska virvelmotstånd,Öka lyftkraft,Styra gir,Minska vikt,1
POF,054,Vad kallas den hastighet där flygplanet kan flyga längst tid i luften?,Uthållighetshastighet,Krysshastighet,Stallhastighet,Maxhastighet,1
POF,055,Vad är en fördel med en swept-back vinge?,Bättre prestanda vid höga hastigheter,Högre lyftkraft vid låga hastigheter,Lägre vikt,Minskad bränsleförbrukning,1
POF,056,Vad är syftet med en horisontell stabilisator?,Ge longitudinell stabilitet,Öka lyftkraft,Minska dragkraft,Styra sidrörelse,1
POF,057,Vad är en vanlig orsak till att ett flygplan svänger oavsiktligt?,Obalans i skevroder,Höjdroderfel,Motorstopp,Vindbyar,1
POF,058,Vad kallas den hastighet där flygplanet kan flyga längst sträcka?,Räckviddshastighet,Krysshastighet,Stallhastighet,Maxhastighet,1
POF,059,Vad är en fördel med en låg vingbelastning?,Bättre lyftkraft vid låga hastigheter,Högre hastighet,Lägre bränsleförbrukning,Bättre manövrerbarhet vid höga hastigheter,1
POF,060,Vad är syftet med en yaw damper?,Minska oönskad gir,Öka lyftkraft,Minska hastighet,Styra stigning,1
POF,061,Vad är en vanlig orsak till att ett flygplan tappar lyftkraft?,För hög anfallsvinkel,För hög hastighet,För låg höjd,För hög luftdensitet,1
POF,062,Vad kallas den kraft som motverkar flygplanets framåtrörelse?,Dragkraft,Lyftkraft,Aerodynamiskt motstånd,Tyngdkraft,3
POF,063,Vad är en fördel med en hög vingspann?,Minska virvelmotstånd,Öka hastighet,Minska lyftkraft,Öka bränsleförbrukning,1
POF,064,Vad är syftet med en canardvinge?,Ge extra lyftkraft och stabilitet,Minska vikt,Öka hastighet,Minska bränsleförbrukning,1
POF,065,Vad är en vanlig orsak till att ett flygplan stallar vid svängar?,Ökad vingbelastning,Minskad luftdensitet,Ökad dragkraft,Minskad motorstyrka,1
POF,066,Vad är syftet med en vingprofil med hög camber?,Öka lyftkraft vid låga hastigheter,Minska bränsleförbrukning,Öka hastighet,Styra gir,1
POF,067,Vad kallas den hastighet där flygplanet har bäst lyft-till-motstånd-förhållande?,Bästa glidvinkel,Krysshastighet,Stallhastighet,Maxhastighet,1
POF,068,Vad är en fördel med en turbofanmotor?,Hög effektivitet och låg ljudnivå,Hög hastighet,Låg vikt,Låg kostnad,1
POF,069,Vad är syftet med en vingspetsvinge (winglet)?,Minska virvelmotstånd,Öka lyftkraft,Styra gir,Minska hastighet,1
POF,070,Vad kallas den punkt där alla aerodynamiska krafter verkar?,Aerodynamiskt centrum,Tyngdpunkt,Lyftpunkt,Rullpunkt,1
POF,071,Vad är en vanlig orsak till att ett flygplan tappar stabilitet?,Obalans i tyngdpunkt,Ökad lyftkraft,Minskad dragkraft,Ökad motorstyrka,1
POF,072,Vad är syftet med en variabel pitch propeller?,Optimera effektivitet vid olika hastigheter,Minska vikt,Öka lyftkraft,Minska bränsleförbrukning,1
POF,073,Vad är en fördel med en lågvingad konstruktion?,Bättre stabilitet vid höga hastigheter,Högre lyftkraft,Bättre markfrigång,Minskad vikt,1
POF,074,Vad är syftet med en stallremsa?,Utlösa stall vid önskad punkt,Öka lyftkraft,Minska hastighet,Styra gir,1
POF,075,Vad kallas den hastighet där flygplanet kan klättra snabbast?,Bästa stigningshastighet,Krysshastighet,Stallhastighet,Maxhastighet,1
POF,076,Vad är en vanlig orsak till att ett flygplan vibrerar?,Obalans i propeller eller motor,Ökad lyftkraft,Minskad luftdensitet,Ökad hastighet,1
POF,077,Vad kallas den kraft som håller ett flygplan i en stabil sväng?,Centripetalkraft,Lyftkraft,Dragkraft,Tyngdkraft,1
POF,078,Vad är en fördel med en hög anfallsvinkel vid start?,Ökar lyftkraft,Minskar hastighet,Ökar bränsleförbrukning,Minskar stabilitet,1
POF,079,Vad är syftet med en tryckkabin?,Upprätthålla behaglig trycknivå,Öka lyftkraft,Minska hastighet,Öka bränsleförbrukning,1
POF,080,Vad kallas den effekt som gör att ett flygplan tenderar att gira vid rullning?,Adverse yaw,Stall,Sidoslir,Rullmoment,1
POF,081,Vad är en vanlig orsak till att ett flygplan tappar lyftkraft vid hög höjd?,Lägre luftdensitet,Ökad hastighet,Minskad motorstyrka,Ökad vingbelastning,1
POF,082,Vad är syftet med en strömlinjeformad flygkropp?,Minska aerodynamiskt motstånd,Öka lyftkraft,Styra gir,Minska vikt,1
POF,083,Vad kallas den hastighet där flygplanet kan flyga med minsta bränsleförbrukning per kilometer?,Räckviddshastighet,Krysshastighet,Stallhastighet,Maxhastighet,1
POF,084,Vad är en fördel med en hög vingspann-till-korda-förhållande?,Bättre glidprestanda,Högre hastighet,Lägre lyftkraft,Ökad bränsleförbrukning,1
POF,085,Vad är syftet med en differentialskontroll av skevroder?,Minska adverse yaw,Öka lyftkraft,Minska hastighet,Styra stigning,1
POF,086,Vad kallas den vinkel som vingens framkant har i förhållande till flygkroppen?,Svepevinkel,Anfallsvinkel,Dihedralvinkel,Glidvinkel,1
POF,087,Vad är syftet med en anti-icing-system på vingen?,Förhindra isbildning,Öka lyftkraft,Minska hastighet,Styra gir,1
POF,088,Vad är en fördel med en jetmotor jämfört med en kolvmotor?,Högre hastighet och effektivitet,Lägre vikt,Högre lyftkraft,Lägre kostnad,1
POF,089,Vad kallas den punkt där flygplanets rullning balanserar?,Rullpunkt,Tyngdpunkt,Lyftpunkt,Aerodynamiskt centrum,1
POF,090,Vad är syftet med en variabel geometri-vinge?,Optimera prestanda vid olika hastigheter,Minska vikt,Öka lyftkraft,Minska bränsleförbrukning,1
POF,091,Vad är en fördel med en högvingad konstruktion?,Bättre markfrigång,Högre hastighet,Lägre lyftkraft,Ökad bränsleförbrukning,1
POF,092,Vad är syftet med en vortex generator på vingen?,Fördröja stall,Öka hastighet,Minska lyftkraft,Styra gir,1
POF,093,Vad kallas den hastighet där flygplanet kan klättra med högsta vinkel?,Bästa stigningsvinkel,Krysshastighet,Stallhastighet,Maxhastighet,1
POF,094,Vad är syftet med en vingklaff vid hög hastighet?,Minska lyftkraft,Öka lyftkraft,Styra gir,Minska bränsleförbrukning,1
POF,095,Vad är en fördel med en låg anfallsvinkel vid kryssning?,Minska bränsleförbrukning,Öka lyftkraft,Öka hastighet,Minska stabilitet,1
POF,096,Vad är syftet med en vingspetsvirvel?,Öka aerodynamiskt motstånd,Minska lyftkraft,Förbättra stabilitet,Minska bränsleförbrukning,1
POF,097,Vad är en vanlig orsak till att ett flygplan tappar kontroll?,Obalans i tyngdpunkt,Ökad lyftkraft,Minskad dragkraft,Ökad motorstyrka,1
POF,098,Vad är syftet med en strömplatta på vingen?,Förbättra luftflödet,Öka hastighet,Minska lyftkraft,Styra gir,1
POF,099,Vad kallas den effekt som uppstår när luften accelererar över vingens ovansida?,Venturi-effekten,Bernoulli-effekten,Coanda-effekten,Magnus-effekten,2
POF,100,Vad är syftet med en balansroder?,Minska pilotens ansträngning,Öka lyftkraft,Minska hastighet,Öka bränsleförbrukning,1
POF,101,Vad är en nackdel med en hög vingbelastning?,Sämre lyftkraft vid låga hastigheter,Högre hastighet,Lägre bränsleförbrukning,Bättre stabilitet,1
POF,102,Vad kallas den vinkel som vingens plan har i förhållande till horisontalplanet?,Dihedralvinkel,Anfallsvinkel,Svepevinkel,Glidvinkel,1
POF,103,Vad är syftet med en T-tail-konfiguration?,Minska störningar från propellerflöde,Öka lyftkraft,Minska vikt,Öka hastighet,1
POF,104,Vad är en vanlig orsak till att ett flygplan upplever vibrationer vid hög hastighet?,Aerodynamisk obalans,Ökad lyftkraft,Minskad luftdensitet,Felaktig bränsleblandning,1
POF,105,Vad är syftet med en Krueger-flap?,Öka lyftkraft vid låga hastigheter,Minska hastighet,Styra gir,Minska bränsleförbrukning,1
POF,106,Vad kallas den effekt som gör att ett flygplan tenderar att återgå till stabil flygning?,Statisk stabilitet,Dynamisk stabilitet,Aerodynamisk stabilitet,Termisk stabilitet,1
POF,107,Vad är en fördel med en hög vingspann-till-korda-förhållande vid glidflygning?,Bättre glidprestanda,Högre hastighet,Lägre lyftkraft,Ökad bränsleförbrukning,1
POF,108,Vad är syftet med en vingklaff vid start?,Öka lyftkraft och minska starsträcka,Minska hastighet,Styra gir,Öka bränsleförbrukning,1
POF,109,Vad kallas den hastighet där flygplanet har högsta lyft-till-motstånd-förhållande?,Bästa glidvinkel,Krysshastighet,Stallhastighet,Maxhastighet,1
POF,110,Vad är en vanlig orsak till att ett flygplan stallar vid hög höjd?,Lägre luftdensitet,Ökad hastighet,Minskad motorstyrka,Ökad vingbelastning,1
POF,111,Vad är syftet med en fenliknande struktur på flygkroppen?,Förbättra riktningsstabilitet,Öka lyftkraft,Minska hastighet,Öka bränsleförbrukning,1
POF,112,Vad kallas den effekt som gör att ett flygplan kan svänga utan att rulla?,Koordinerad sväng,Sidoslir,Adverse yaw,Rullmoment,1
POF,113,Vad är en fördel med en lågvingad konstruktion vid höga hastigheter?,Bättre stabilitet,Högre lyftkraft,Bättre markfrigång,Minskad vikt,1
POF,114,Vad är syftet med en vingklaff vid landning?,Öka lyftkraft och minska hastighet,Öka hastighet,Styra gir,Minska bränsleförbrukning,1
POF,115,Vad kallas den hastighet där flygplanet kan flyga med minsta bränsleförbrukning per kilometer?,Räckviddshastighet,Krysshastighet,Stallhastighet,Maxhastighet,1
POF,116,Vad är en vanlig orsak till att ett flygplan upplever sidoslir?,Obalans i sidroder,Ökad lyftkraft,Minskad dragkraft,Ökad motorstyrka,1
POF,117,Vad är syftet med en vingprofil med låg camber?,Bättre prestanda vid höga hastigheter,Öka lyftkraft vid låga hastigheter,Minska bränsleförbrukning,Styra gir,1
POF,118,Vad kallas den effekt som gör att ett flygplan tenderar att rulla vid gir?,Rullmoment,Adverse yaw,Sidoslir,Stall,1
POF,119,Vad är en fördel med en hög vingspann?,Minska virvelmotstånd,Öka hastighet,Minska lyftkraft,Öka bränsleförbrukning,1
POF,120,Vad är syftet med en tryckkabin i hög höjd?,Upprätthålla behaglig trycknivå,Öka lyftkraft,Minska hastighet,Öka bränsleförbrukning,1
POF,121,Vad kallas den vinkel som flygplanet har i förhållande till vinden under landning?,Glidvinkel,Anfallsvinkel,Svängvinkel,Rullvinkel,1
POF,122,Vad är syftet med en vortex generator på vingen?,Fördröja stall,Öka hastighet,Minska lyftkraft,Styra gir,1
POF,123,Vad kallas den hastighet där flygplanet kan klättra med högsta vinkel?,Bästa stigningsvinkel,Krysshastighet,Stallhastighet,Maxhastighet,1
POF,124,Vad är en vanlig orsak till att ett flygplan vibrerar under flygning?,Obalans i motor eller propeller,Ökad lyftkraft,Minskad luftdensitet,Ökad hastighet,1
POF,125,Vad är syftet med en strömplatta på vingen?,Förbättra luftflödet,Öka hastighet,Minska lyftkraft,Styra gir,1
POF,126,Vad kallas den effekt som uppstår när luften accelererar över vingens ovansida?,Venturi-effekten,Bernoulli-effekten,Coanda-effekten,Magnus-effekten,2
POF,127,Vad är syftet med en balansroder?,Minska pilotens ansträngning,Öka lyftkraft,Minska hastighet,Öka bränsleförbrukning,1
POF,128,Vad är en nackdel med en hög vingbelastning?,Sämre lyftkraft vid låga hastigheter,Högre hastighet,Lägre bränsleförbrukning,Bättre stabilitet,1
POF,129,Vad kallas den vinkel som vingens plan har i förhållande till horisontalplanet?,Dihedralvinkel,Anfallsvinkel,Svepevinkel,Glidvinkel,1
POF,130,Vad är syftet med en T-tail-konfiguration?,Minska störningar från propellerflöde,Öka lyftkraft,Minska vikt,Öka hastighet,1
POF,131,Vad är en vanlig orsak till att ett flygplan upplever vibrationer vid hög hastighet?,Aerodynamisk obalans,Ökad lyftkraft,Minskad luftdensitet,Felaktig bränsleblandning,1
POF,132,Vad är syftet med en Krueger-flap?,Öka lyftkraft vid låga hastigheter,Minska hastighet,Styra gir,Minska bränsleförbrukning,1
POF,133,Vad kallas den effekt som gör att ett flygplan tenderar att återgå till stabil flygning?,Statisk stabilitet,Dynamisk stabilitet,Aerodynamisk stabilitet,Termisk stabilitet,1
POF,134,Vad är en fördel med en hög vingspann-till-korda-förhållande vid glidflygning?,Bättre glidprestanda,Högre hastighet,Lägre lyftkraft,Ökad bränsleförbrukning,1
POF,135,Vad är syftet med en vingklaff vid start?,Öka lyftkraft och minska starsträcka,Minska hastighet,Styra gir,Öka bränsleförbrukning,1
POF,136,Vad kallas den hastighet där flygplanet har högsta lyft-till-motstånd-förhållande?,Bästa glidvinkel,Krysshastighet,Stallhastighet,Maxhastighet,1
POF,137,Vad är en vanlig orsak till att ett flygplan stallar vid hög höjd?,Lägre luftdensitet,Ökad hastighet,Minskad motorstyrka,Ökad vingbelastning,1
POF,138,Vad är syftet med en fenliknande struktur på flygkroppen?,Förbättra riktningsstabilitet,Öka lyftkraft,Minska hastighet,Öka bränsleförbrukning,1
POF,139,Vad kallas den effekt som gör att ett flygplan kan svänga utan att rulla?,Koordinerad sväng,Sidoslir,Adverse yaw,Rullmoment,1
POF,140,Vad är en fördel med en lågvingad konstruktion vid höga hastigheter?,Bättre stabilitet,Högre lyftkraft,Better markfrigång,Minskad vikt,1
POF,141,Vad är syftet med en vingklaff vid landning?,Öka lyftkraft och minska hastighet,Öka hastighet,Styra gir,Minska bränsleförbrukning,1
POF,142,Vad kallas den hastighet där flygplanet kan flyga med minsta bränsleförbrukning per kilometer?,Räckviddshastighet,Krysshastighet,Stallhastighet,Maxhastighet,1
POF,143,Vad är en vanlig orsak till att ett flygplan upplever sidoslir?,Obalans i sidroder,Ökad lyftkraft,Minskad dragkraft,Ökad motorstyrka,1
POF,144,Vad är syftet med en vingprofil med låg camber?,Bättre prestanda vid höga hastigheter,Öka lyftkraft vid låga hastigheter,Minska bränsleförbrukning,Styra gir,1
POF,145,Vad kallas den effekt som gör att ett flygplan tenderar att rulla vid gir?,Rullmoment,Adverse yaw,Sidoslir,Stall,1
POF,146,Vad är en fördel med en hög vingspann?,Minska virvelmotstånd,Öka hastighet,Minska lyftkraft,Öka bränsleförbrukning,1
POF,147,Vad är syftet med en tryckkabin i hög höjd?,Upprätthålla behaglig trycknivå,Öka lyftkraft,Minska hastighet,Öka bränsleförbrukning,1
POF,148,Vad kallas den vinkel som flygplanet har i förhållande till vinden under landning?,Glidvinkel,Anfallsvinkel,Svängvinkel,Rullvinkel,1
POF,149,Vad är syftet med en vortex generator på vingen?,Fördröja stall,Öka hastighet,Minska lyftkraft,Styra gir,1
POF,150,Vad kallas den hastighet där flygplanet kan klättra med högsta vinkel?,Bästa stigningsvinkel,Krysshastighet,Stallhastighet,Maxhastighet,1
POF,151,Vad är en vanlig orsak till att ett flygplan vibrerar under flygning?,Obalans i motor eller propeller,Ökad lyftkraft,Minskad luftdensitet,Ökad hastighet,1
POF,152,Vad är syftet med en strömplatta på vingen?,Förbättra luftflödet,Öka hastighet,Minska lyftkraft,Styra gir,1
POF,153,Vad kallas den effekt som uppstår när luften accelererar över vingens ovansida?,Venturi-effekten,Bernoulli-effekten,Coanda-effekten,Magnus-effekten,2
POF,154,Vad är syftet med en balansroder?,Minska pilotens ansträngning,Öka lyftkraft,Minska hastighet,Öka bränsleförbrukning,1
POF,155,Vad är en nackdel med en hög vingbelastning?,Sämre lyftkraft vid låga hastigheter,Högre hastighet,Lägre bränsleförbrukning,Bättre stabilitet,1
POF,156,Vad kallas den vinkel som vingens plan har i förhållande till horisontalplanet?,Dihedralvinkel,Anfallsvinkel,Svepevinkel,Glidvinkel,1
POF,157,Vad är syftet med en T-tail-konfiguration?,Minska störningar från propellerflöde,Öka lyftkraft,Minska vikt,Öka hastighet,1
POF,158,Vad är en vanlig orsak till att ett flygplan upplever vibrationer vid hög hastighet?,Aerodynamisk obalans,Ökad lyftkraft,Minskad luftdensitet,Felaktig bränsleblandning,1
POF,159,Vad är syftet med en Krueger-flap?,Öka lyftkraft vid låga hastigheter,Minska hastighet,Styra gir,Minska bränsleförbrukning,1
POF,160,Vad kallas den effekt som gör att ett flygplan tenderar att återgå till stabil flygning?,Statisk stabilitet,Dynamisk stabilitet,Aerodynamisk stabilitet,Termisk stabilitet,1
POF,161,Vad är en fördel med en hög vingspann-till-korda-förhållande vid glidflygning?,Bättre glidprestanda,Högre hastighet,Lägre lyftkraft,Ökad bränsleförbrukning,1
POF,162,Vad är syftet med en vingklaff vid start?,Öka lyftkraft och minska starsträcka,Minska hastighet,Styra gir,Öka bränsleförbrukning,1
POF,163,Vad kallas den hastighet där flygplanet har högsta lyft-till-motstånd-förhållande?,Bästa glidvinkel,Krysshastighet,Stallhastighet,Maxhastighet,1
POF,164,Vad är en vanlig orsak till att ett flygplan stallar vid hög höjd?,Lägre luftdensitet,Ökad hastighet,Minskad motorstyrka,Ökad vingbelastning,1
POF,165,Vad är syftet med en fenliknande struktur på flygkroppen?,Förbättra riktningsstabilitet,Öka lyftkraft,Minska hastighet,Öka bränsleförbrukning,1
POF,166,Vad kallas den effekt som gör att ett flygplan kan svänga utan att rulla?,Koordinerad sväng,Sidoslir,Adverse yaw,Rullmoment,1
POF,167,Vad är en fördel med en lågvingad konstruktion vid höga hastigheter?,Bättre stabilitet,Högre lyftkraft,Better markfrigång,Minskad vikt,1
POF,168,Vad är syftet med en vingklaff vid landning?,Öka lyftkraft och minska hastighet,Öka hastighet,Styra gir,Minska bränsleförbrukning,1
POF,169,Vad kallas den hastighet där flygplanet kan flyga med minsta bränsleförbrukning per kilometer?,Räckviddshastighet,Krysshastighet,Stallhastighet,Maxhastighet,1
POF,170,Vad är en vanlig orsak till att ett flygplan upplever sidoslir?,Obalans i sidroder,Ökad lyftkraft,Minskad dragkraft,Ökad motorstyrka,1
POF,171,Vad är syftet med en vingprofil med låg camber?,Bättre prestanda vid höga hastigheter,Öka lyftkraft vid låga hastigheter,Minska bränsleförbrukning,Styra gir,1
POF,172,Vad kallas den effekt som gör att ett flygplan tenderar att rulla vid gir?,Rullmoment,Adverse yaw,Sidoslir,Stall,1
POF,173,Vad är en fördel med en hög vingspann?,Minska virvelmotstånd,Öka hastighet,Minska lyftkraft,Öka bränsleförbrukning,1
POF,174,Vad är syftet med en tryckkabin i hög höjd?,Upprätthålla behaglig trycknivå,Öka lyftkraft,Minska hastighet,Öka bränsleförbrukning,1
POF,175,Vad kallas den vinkel som flygplanet har i förhållande till vinden under landning?,Glidvinkel,Anfallsvinkel,Svängvinkel,Rullvinkel,1
POF,176,Vad är syftet med en vortex generator på vingen?,Fördröja stall,Öka hastighet,Minska lyftkraft,Styra gir,1
POF,177,Vad kallas den hastighet där flygplanet kan klättra med högsta vinkel?,Bästa stigningsvinkel,Krysshastighet,Stallhastighet,Maxhastighet,1
POF,178,Vad är en vanlig orsak till att ett flygplan vibrerar under flygning?,Obalans i motor eller propeller,Ökad lyftkraft,Minskad luftdensitet,Ökad hastighet,1
POF,179,Vad är syftet med en strömplatta på vingen?,Förbättra luftflödet,Öka hastighet,Minska lyftkraft,Styra gir,1
POF,180,Vad kallas den effekt som uppstår när luften accelererar över vingens ovansida?,Venturi-effekten,Bernoulli-effekten,Coanda-effekten,Magnus-effekten,2
POF,181,Vad är syftet med en balansroder?,Minska pilotens ansträngning,Öka lyftkraft,Minska hastighet,Öka bränsleförbrukning,1
POF,182,Vad är en nackdel med en hög vingbelastning?,Sämre lyftkraft vid låga hastigheter,Högre hastighet,Lägre bränsleförbrukning,Bättre stabilitet,1
POF,183,Vad kallas den vinkel som vingens plan har i förhållande till horisontalplanet?,Dihedralvinkel,Anfallsvinkel,Svepevinkel,Glidvinkel,1
POF,184,Vad är syftet med en T-tail-konfiguration?,Minska störningar från propellerflöde,Öka lyftkraft,Minska vikt,Öka hastighet,1
POF,185,Vad är en vanlig orsak till att ett flygplan upplever vibrationer vid hög hastighet?,Aerodynamisk obalans,Ökad lyftkraft,Minskad luftdensitet,Felaktig bränsleblandning,1
POF,186,Vad är syftet med en Krueger-flap?,Öka lyftkraft vid låga hastigheter,Minska hastighet,Styra gir,Minska bränsleförbrukning,1
POF,187,Vad kallas den effekt som gör att ett flygplan tenderar att återgå till stabil flygning?,Statisk stabilitet,Dynamisk stabilitet,Aerodynamisk stabilitet,Termisk stabilitet,1
POF,188,Vad är en fördel med en hög vingspann-till-korda-förhållande vid glidflygning?,Bättre glidprestanda,Högre hastighet,Lägre lyftkraft,Ökad bränsleförbrukning,1
POF,189,Vad är syftet med en vingklaff vid start?,Öka lyftkraft och minska starsträcka,Minska hastighet,Styra gir,Öka bränsleförbrukning,1
POF,190,Vad kallas den hastighet där flygplanet har högsta lyft-till-motstånd-förhållande?,Bästa glidvinkel,Krysshastighet,Stallhastighet,Maxhastighet,1
POF,191,Vad är en vanlig orsak till att ett flygplan stallar vid hög höjd?,Lägre luftdensitet,Ökad hastighet,Minskad motorstyrka,Ökad vingbelastning,1
POF,192,Vad är syftet med en fenliknande struktur på flygkroppen?,Förbättra riktningsstabilitet,Öka lyftkraft,Minska hastighet,Öka bränsleförbrukning,1
POF,193,Vad kallas den effekt som gör att ett flygplan kan svänga utan att rulla?,Koordinerad sväng,Sidoslir,Adverse yaw,Rullmoment,1
POF,194,Vad är en fördel med en lågvingad konstruktion vid höga hastigheter?,Bättre stabilitet,Högre lyftkraft,Better markfrigång,Minskad vikt,1
POF,195,Vad är syftet med en vingklaff vid landning?,Öka lyftkraft och minska hastighet,Öka hastighet,Styra gir,Minska bränsleförbrukning,1
POF,196,Vad kallas den hastighet där flygplanet kan flyga med minsta bränsleförbrukning per kilometer?,Räckviddshastighet,Krysshastighet,Stallhastighet,Maxhastighet,1
POF,197,Vad är en vanlig orsak till att ett flygplan upplever sidoslir?,Obalans i sidroder,Ökad lyftkraft,Minskad dragkraft,Ökad motorstyrka,1
POF,198,Vad är syftet med en vingprofil med låg camber?,Bättre prestanda vid höga hastigheter,Öka lyftkraft vid låga hastigheter,Minska bränsleförbrukning,Styra gir,1
POF,199,Vad kallas den effekt som gör att ett flygplan tenderar att rulla vid gir?,Rullmoment,Adverse yaw,Sidoslir,Stall,1
POF,200,Vad är en fördel med en hög vingspann?,Minska virvelmotstånd,Öka hastighet,Minska lyftkraft,Öka bränsleförbrukning,1
POF,201,Vad är syftet med en tryckkabin i hög höjd?,Upprätthålla behaglig trycknivå,Öka lyftkraft,Minska hastighet,Öka bränsleförbrukning,1
POF,202,Vad kallas den vinkel som flygplanet har i förhållande till vinden under landning?,Glidvinkel,Anfallsvinkel,Svängvinkel,Rullvinkel,1
POF,203,Vad är syftet med en vortex generator på vingen?,Fördröja stall,Öka hastighet,Minska lyftkraft,Styra gir,1
POF,204,Vad kallas den hastighet där flygplanet kan klättra med högsta vinkel?,Bästa stigningsvinkel,Krysshastighet,Stallhastighet,Maxhastighet,1
POF,205,Vad är en vanlig orsak till att ett flygplan vibrerar under flygning?,Obalans i motor eller propeller,Ökad lyftkraft,Minskad luftdensitet,Ökad hastighet,1
POF,206,Vad är syftet med en strömplatta på vingen?,Förbättra luftflödet,Öka hastighet,Minska lyftkraft,Styra gir,1
POF,207,Vad kallas den effekt som uppstår när luften accelererar över vingens ovansida?,Venturi-effekten,Bernoulli-effekten,Coanda-effekten,Magnus-effekten,2
POF,208,Vad är syftet med en balansroder?,Minska pilotens ansträngning,Öka lyftkraft,Minska hastighet,Öka bränsleförbrukning,1
POF,209,Vad är en nackdel med en hög vingbelastning?,Sämre lyftkraft vid låga hastigheter,Högre hastighet,Lägre bränsleförbrukning,Bättre stabilitet,1
POF,210,Vad kallas den vinkel som vingens plan har i förhållande till horisontalplanet?,Dihedralvinkel,Anfallsvinkel,Svepevinkel,Glidvinkel,1
POF,211,Vad är syftet med en T-tail-konfiguration?,Minska störningar från propellerflöde,Öka lyftkraft,Minska vikt,Öka hastighet,1
POF,212,Vad är en vanlig orsak till att ett flygplan upplever vibrationer vid hög hastighet?,Aerodynamisk obalans,Ökad lyftkraft,Minskad luftdensitet,Felaktig bränsleblandning,1
POF,213,Vad är syftet med en Krueger-flap?,Öka lyftkraft vid låga hastigheter,Minska hastighet,Styra gir,Minska bränsleförbrukning,1
POF,214,Vad kallas den effekt som gör att ett flygplan tenderar att återgå till stabil flygning?,Statisk stabilitet,Dynamisk stabilitet,Aerodynamisk stabilitet,Termisk stabilitet,1
POF,215,Vad är en fördel med en hög vingspann-till-korda-förhållande vid glidflygning?,Bättre glidprestanda,Högre hastighet,Lägre lyftkraft,Ökad bränsleförbrukning,1
POF,216,Vad är syftet med en vingklaff vid start?,Öka lyftkraft och minska starsträcka,Minska hastighet,Styra gir,Öka bränsleförbrukning,1
POF,217,Vad kallas den hastighet där flygplanet har högsta lyft-till-motstånd-förhållande?,Bästa glidvinkel,Krysshastighet,Stallhastighet,Maxhastighet,1
POF,218,Vad är en vanlig orsak till att ett flygplan stallar vid hög höjd?,Lägre luftdensitet,Ökad hastighet,Minskad motorstyrka,Ökad vingbelastning,1
POF,219,Vad är syftet med en fenliknande struktur på flygkroppen?,Förbättra riktningsstabilitet,Öka lyftkraft,Minska hastighet,Öka bränsleförbrukning,1
POF,220,Vad kallas den effekt som gör att ett flygplan kan svänga utan att rulla?,Koordinerad sväng,Sidoslir,Adverse yaw,Rullmoment,1
POF,221,Vad är en fördel med en lågvingad konstruktion vid höga hastigheter?,Bättre stabilitet,Högre lyftkraft,Better markfrigång,Minskad vikt,1
POF,222,Vad är syftet med en vingklaff vid landning?,Öka lyftkraft och minska hastighet,Öka hastighet,Styra gir,Minska bränsleförbrukning,1
POF,223,Vad kallas den hastighet där flygplanet kan flyga med minsta bränsleförbrukning per kilometer?,Räckviddshastighet,Krysshastighet,Stallhastighet,Maxhastighet,1
POF,224,Vad är en vanlig orsak till att ett flygplan upplever sidoslir?,Obalans i sidroder,Ökad lyftkraft,Minskad dragkraft,Ökad motorstyrka,1
POF,225,Vad är syftet med en vingprofil med låg camber?,Bättre prestanda vid höga hastigheter,Öka lyftkraft vid låga hastigheter,Minska bränsleförbrukning,Styra gir,1
POF,226,Vad kallas den effekt som gör att ett flygplan tenderar att rulla vid gir?,Rullmoment,Adverse yaw,Sidoslir,Stall,1
POF,227,Vad är en fördel med en hög vingspann?,Minska virvelmotstånd,Öka hastighet,Minska lyftkraft,Öka bränsleförbrukning,1
POF,228,Vad är syftet med en tryckkabin i hög höjd?,Upprätthålla behaglig trycknivå,Öka lyftkraft,Minska hastighet,Öka bränsleförbrukning,1
POF,229,Vad kallas den vinkel som flygplanet har i förhållande till vinden under landning?,Glidvinkel,Anfallsvinkel,Svängvinkel,Rullvinkel,1
POF,230,Vad är syftet med en vortex generator på vingen?,Fördröja stall,Öka hastighet,Minska lyftkraft,Styra gir,1
POF,231,Vad kallas den hastighet där flygplanet kan klättra med högsta vinkel?,Bästa stigningsvinkel,Krysshastighet,Stallhastighet,Maxhastighet,1
POF,232,Vad är en vanlig orsak till att ett flygplan vibrerar under flygning?,Obalans i motor eller propeller,Ökad lyftkraft,Minskad luftdensitet,Ökad hastighet,1
POF,233,Vad är syftet med en strömplatta på vingen?,Förbättra luftflödet,Öka hastighet,Minska lyftkraft,Styra gir,1
POF,234,Vad kallas den effekt som uppstår när luften accelererar över vingens ovansida?,Venturi-effekten,Bernoulli-effekten,Coanda-effekten,Magnus-effekten,2
POF,235,Vad är syftet med en balansroder?,Minska pilotens ansträngning,Öka lyftkraft,Minska hastighet,Öka bränsleförbrukning,1
POF,236,Vad är en nackdel med en hög vingbelastning?,Sämre lyftkraft vid låga hastigheter,Högre hastighet,Lägre bränsleförbrukning,Bättre stabilitet,1
POF,237,Vad kallas den vinkel som vingens plan har i förhållande till horisontalplanet?,Dihedralvinkel,Anfallsvinkel,Svepevinkel,Glidvinkel,1
POF,238,Vad är syftet med en T-tail-konfiguration?,Minska störningar från propellerflöde,Öka lyftkraft,Minska vikt,Öka hastighet,1
POF,239,Vad är en vanlig orsak till att ett flygplan upplever vibrationer vid hög hastighet?,Aerodynamisk obalans,Ökad lyftkraft,Minskad luftdensitet,Felaktig bränsleblandning,1
POF,240,Vad är syftet med en Krueger-flap?,Öka lyftkraft vid låga hastigheter,Minska hastighet,Styra gir,Minska bränsleförbrukning,1
POF,241,Vad kallas den effekt som gör att ett flygplan tenderar att återgå till stabil flygning?,Statisk stabilitet,Dynamisk stabilitet,Aerodynamisk stabilitet,Termisk stabilitet,1
POF,242,Vad är en fördel med en hög vingspann-till-korda-förhållande vid glidflygning?,Bättre glidprestanda,Högre hastighet,Lägre lyftkraft,Ökad bränsleförbrukning,1
POF,243,Vad är syftet med en vingklaff vid start?,Öka lyftkraft och minska starsträcka,Minska hastighet,Styra gir,Öka bränsleförbrukning,1
POF,244,Vad kallas den hastighet där flygplanet har högsta lyft-till-motstånd-förhållande?,Bästa glidvinkel,Krysshastighet,Stallhastighet,Maxhastighet,1
POF,245,Vad är en vanlig orsak till att ett flygplan stallar vid hög höjd?,Lägre luftdensitet,Ökad hastighet,Minskad motorstyrka,Ökad vingbelastning,1
POF,246,Vad är syftet med en fenliknande struktur på flygkroppen?,Förbättra riktningsstabilitet,Öka lyftkraft,Minska hastighet,Öka bränsleförbrukning,1
POF,247,Vad kallas den effekt som gör att ett flygplan kan svänga utan att rulla?,Koordinerad sväng,Sidoslir,Adverse yaw,Rullmoment,1
POF,248,Vad är en fördel med en lågvingad konstruktion vid höga hastigheter?,Bättre stabilitet,Högre lyftkraft,Better markfrigång,Minskad vikt,1
POF,249,Vad är syftet med en vingklaff vid landning?,Öka lyftkraft och minska hastighet,Öka hastighet,Styra gir,Minska bränsleförbrukning,1
POF,250,Vad kallas den hastighet där flygplanet kan flyga med minsta bränsleförbrukning per kilometer?,Räckviddshastighet,Krysshastighet,Stallhastighet,Maxhastighet,1
POF,251,Vad är en vanlig orsak till att ett flygplan upplever sidoslir?,Obalans i sidroder,Ökad lyftkraft,Minskad dragkraft,Ökad motorstyrka,1
POF,252,Vad är syftet med en vingprofil med låg camber?,Bättre prestanda vid höga hastigheter,Öka lyftkraft vid låga hastigheter,Minska bränsleförbrukning,Styra gir,1
POF,253,Vad kallas den effekt som gör att ett flygplan tenderar att rulla vid gir?,Rullmoment,Adverse yaw,Sidoslir,Stall,1
POF,254,Vad är en fördel med en hög vingspann?,Minska virvelmotstånd,Öka hastighet,Minska lyftkraft,Öka bränsleförbrukning,1
POF,255,Vad är syftet med en tryckkabin i hög höjd?,Upprätthålla behaglig trycknivå,Öka lyftkraft,Minska hastighet,Öka bränsleförbrukning,1
POF,256,Vad kallas den vinkel som flygplanet har i förhållande till vinden under landning?,Glidvinkel,Anfallsvinkel,Svängvinkel,Rullvinkel,1
POF,257,Vad är syftet med en vortex generator på vingen?,Fördröja stall,Öka hastighet,Minska lyftkraft,Styra gir,1
POF,258,Vad kallas den hastighet där flygplanet kan klättra med högsta vinkel?,Bästa stigningsvinkel,Krysshastighet,Stallhastighet,Maxhastighet,1
POF,259,Vad är en vanlig orsak till att ett flygplan vibrerar under flygning?,Obalans i motor eller propeller,Ökad lyftkraft,Minskad luftdensitet,Ökad hastighet,1
POF,260,Vad är syftet med en strömplatta på vingen?,Förbättra luftflödet,Öka hastighet,Minska lyftkraft,Styra gir,1
POF,261,Vad kallas den effekt som uppstår när luften accelererar över vingens ovansida?,Venturi-effekten,Bernoulli-effekten,Coanda-effekten,Magnus-effekten,2
POF,262,Vad är syftet med en balansroder?,Minska pilotens ansträngning,Öka lyftkraft,Minska hastighet,Öka bränsleförbrukning,1
POF,263,Vad är en nackdel med en hög vingbelastning?,Sämre lyftkraft vid låga hastigheter,Högre hastighet,Lägre bränsleförbrukning,Bättre stabilitet,1
POF,264,Vad kallas den vinkel som vingens plan har i förhållande till horisontalplanet?,Dihedralvinkel,Anfallsvinkel,Svepevinkel,Glidvinkel,1
POF,265,Vad är syftet med en T-tail-konfiguration?,Minska störningar från propellerflöde,Öka lyftkraft,Minska vikt,Öka hastighet,1
POF,266,Vad är en vanlig orsak till att ett flygplan upplever vibrationer vid hög hastighet?,Aerodynamisk obalans,Ökad lyftkraft,Minskad luftdensitet,Felaktig bränsleblandning,1
POF,267,Vad är syftet med en Krueger-flap?,Öka lyftkraft vid låga hastigheter,Minska hastighet,Styra gir,Minska bränsleförbrukning,1
POF,268,Vad kallas den effekt som gör att ett flygplan tenderar att återgå till stabil flygning?,Statisk stabilitet,Dynamisk stabilitet,Aerodynamisk stabilitet,Termisk stabilitet,1
POF,269,Vad är en fördel med en hög vingspann-till-korda-förhållande vid glidflygning?,Bättre glidprestanda,Högre hastighet,Lägre lyftkraft,Ökad bränsleförbrukning,1
POF,270,Vad är syftet med en vingklaff vid start?,Öka lyftkraft och minska starsträcka,Minska hastighet,Styra gir,Öka bränsleförbrukning,1
POF,271,Vad kallas den hastighet där flygplanet har högsta lyft-till-motstånd-förhållande?,Bästa glidvinkel,Krysshastighet,Stallhastighet,Maxhastighet,1
POF,272,Vad är en vanlig orsak till att ett flygplan stallar vid hög höjd?,Lägre luftdensitet,Ökad hastighet,Minskad motorstyrka,Ökad vingbelastning,1
POF,273,Vad är syftet med en fenliknande struktur på flygkroppen?,Förbättra riktningsstabilitet,Öka lyftkraft,Minska hastighet,Öka bränsleförbrukning,1
POF,274,Vad kallas den effekt som gör att ett flygplan kan svänga utan att rulla?,Koordinerad sväng,Sidoslir,Adverse yaw,Rullmoment,1
POF,275,Vad är en fördel med en lågvingad konstruktion vid höga hastigheter?,Bättre stabilitet,Högre lyftkraft,Better markfrigång,Minskad vikt,1
POF,276,Vad är syftet med en vingklaff vid landning?,Öka lyftkraft och minska hastighet,Öka hastighet,Styra gir,Minska bränsleförbrukning,1
POF,277,Vad kallas den hastighet där flygplanet kan flyga med minsta bränsleförbrukning per kilometer?,Räckviddshastighet,Krysshastighet,Stallhastighet,Maxhastighet,1
POF,278,Vad är en vanlig orsak till att ett flygplan upplever sidoslir?,Obalans i sidroder,Ökad lyftkraft,Minskad dragkraft,Ökad motorstyrka,1
POF,279,Vad är syftet med en vingprofil med låg camber?,Bättre prestanda vid höga hastigheter,Öka lyftkraft vid låga hastigheter,Minska bränsleförbrukning,Styra gir,1
POF,280,Vad kallas den effekt som gör att ett flygplan tenderar att rulla vid gir?,Rullmoment,Adverse yaw,Sidoslir,Stall,1
POF,281,Vad är en fördel med en hög vingspann?,Minska virvelmotstånd,Öka hastighet,Minska lyftkraft,Öka bränsleförbrukning,1
POF,282,Vad är syftet med en tryckkabin i hög höjd?,Upprätthålla behaglig trycknivå,Öka lyftkraft,Minska hastighet,Öka bränsleförbrukning,1
POF,283,Vad kallas den vinkel som flygplanet har i förhållande till vinden under landning?,Glidvinkel,Anfallsvinkel,Svängvinkel,Rullvinkel,1
POF,284,Vad är syftet med en vortex generator på vingen?,Fördröja stall,Öka hastighet,Minska lyftkraft,Styra gir,1
POF,285,Vad kallas den hastighet där flygplanet kan klättra med högsta vinkel?,Bästa stigningsvinkel,Krysshastighet,Stallhastighet,Maxhastighet,1
POF,286,Vad är en vanlig orsak till att ett flygplan vibrerar under flygning?,Obalans i motor eller propeller,Ökad lyftkraft,Minskad luftdensitet,Ökad hastighet,1
POF,287,Vad är syftet med en strömplatta på vingen?,Förbättra luftflödet,Öka hastighet,Minska lyftkraft,Styra gir,1
POF,288,Vad kallas den effekt som uppstår när luften accelererar över vingens ovansida?,Venturi-effekten,Bernoulli-effekten,Coanda-effekten,Magnus-effekten,2
POF,289,Vad är syftet med en balansroder?,Minska pilotens ansträngning,Öka lyftkraft,Minska hastighet,Öka bränsleförbrukning,1
POF,290,Vad är en nackdel med en hög vingbelastning?,Sämre lyftkraft vid låga hastigheter,Högre hastighet,Lägre bränsleförbrukning,Bättre stabilitet,1
POF,291,Vad kallas den vinkel som vingens plan har i förhållande till horisontalplanet?,Dihedralvinkel,Anfallsvinkel,Svepevinkel,Glidvinkel,1
POF,292,Vad är syftet med en T-tail-konfiguration?,Minska störningar från propellerflöde,Öka lyftkraft,Minska vikt,Öka hastighet,1
POF,293,Vad är en vanlig orsak till att ett flygplan upplever vibrationer vid hög hastighet?,Aerodynamisk obalans,Ökad lyftkraft,Minskad luftdensitet,Felaktig bränsleblandning,1
POF,294,Vad är syftet med en Krueger-flap?,Öka lyftkraft vid låga hastigheter,Minska hastighet,Styra gir,Minska bränsleförbrukning,1
POF,295,Vad kallas den effekt som gör att ett flygplan tenderar att återgå till stabil flygning?,Statisk stabilitet,Dynamisk stabilitet,Aerodynamisk stabilitet,Termisk stabilitet,1
POF,296,Vad är en fördel med en hög vingspann-till-korda-förhållande vid glidflygning?,Bättre glidprestanda,Högre hastighet,Lägre lyftkraft,Ökad bränsleförbrukning,1
POF,297,Vad är syftet med en vingklaff vid start?,Öka lyftkraft och minska starsträcka,Minska hastighet,Styra gir,Öka bränsleförbrukning,1
POF,298,Vad kallas den hastighet där flygplanet har högsta lyft-till-motstånd-förhållande?,Bästa glidvinkel,Krysshastighet,Stallhastighet,Maxhastighet,1
POF,299,Vad är en vanlig orsak till att ett flygplan stallar vid hög höjd?,Lägre luftdensitet,Ökad hastighet,Minskad motorstyrka,Ökad vingbelastning,1
POF,300,Vad är syftet med en fenliknande struktur på flygkroppen?,Förbättra riktningsstabilitet,Öka lyftkraft,Minska hastighet,Öka bränsleförbrukning,1
POF,301,Vad kallas den effekt som gör att ett flygplan kan svänga utan att rulla?,Koordinerad sväng,Sidoslir,Adverse yaw,Rullmoment,1
POF,302,Vad är en fördel med en lågvingad konstruktion vid höga hastigheter?,Bättre stabilitet,Högre lyftkraft,Better markfrigång,Minskad vikt,1
POF,303,Vad är syftet med en vingklaff vid landning?,Öka lyftkraft och minska hastighet,Öka hastighet,Styra gir,Minska bränsleförbrukning,1
POF,304,Vad kallas den hastighet där flygplanet kan flyga med minsta bränsleförbrukning per kilometer?,Räckviddshastighet,Krysshastighet,Stallhastighet,Maxhastighet,1
POF,305,Vad är en vanlig orsak till att ett flygplan upplever sidoslir?,Obalans i sidroder,Ökad lyftkraft,Minskad dragkraft,Ökad motorstyrka,1
POF,306,Vad är syftet med en vingprofil med låg camber?,Bättre prestanda vid höga hastigheter,Öka lyftkraft vid låga hastigheter,Minska bränsleförbrukning,Styra gir,1
POF,307,Vad kallas den effekt som gör att ett flygplan tenderar att rulla vid gir?,Rullmoment,Adverse yaw,Sidoslir,Stall,1
POF,308,Vad är en fördel med en hög vingspann?,Minska virvelmotstånd,Öka hastighet,Minska lyftkraft,Öka bränsleförbrukning,1
POF,309,Vad är syftet med en tryckkabin i hög höjd?,Upprätthålla behaglig trycknivå,Öka lyftkraft,Minska hastighet,Öka bränsleförbrukning,1
POF,310,Vad kallas den vinkel som flygplanet har i förhållande till vinden under landning?,Glidvinkel,Anfallsvinkel,Svängvinkel,Rullvinkel,1
POF,311,Vad är syftet med en vortex generator på vingen?,Fördröja stall,Öka hastighet,Minska lyftkraft,Styra gir,1
POF,312,Vad kallas den hastighet där flygplanet kan klättra med högsta vinkel?,Bästa stigningsvinkel,Krysshastighet,Stallhastighet,Maxhastighet,1
POF,313,Vad är en vanlig orsak till att ett flygplan vibrerar under flygning?,Obalans i motor eller propeller,Ökad lyftkraft,Minskad luftdensitet,Ökad hastighet,1
POF,314,Vad är syftet med en strömplatta på vingen?,Förbättra luftflödet,Öka hastighet,Minska lyftkraft,Styra gir,1
POF,315,Vad kallas den effekt som uppstår när luften accelererar över vingens ovansida?,Venturi-effekten,Bernoulli-effekten,Coanda-effekten,Magnus-effekten,2
POF,316,Vad är syftet med en balansroder?,Minska pilotens ansträngning,Öka lyftkraft,Minska hastighet,Öka bränsleförbrukning,1
POF,317,Vad är en nackdel med en hög vingbelastning?,Sämre lyftkraft vid låga hastigheter,Högre hastighet,Lägre bränsleförbrukning,Bättre stabilitet,1
POF,318,Vad kallas den vinkel som vingens plan har i förhållande till horisontalplanet?,Dihedralvinkel,Anfallsvinkel,Svepevinkel,Glidvinkel,1
POF,319,Vad är syftet med en T-tail-konfiguration?,Minska störningar från propellerflöde,Öka lyftkraft,Minska vikt,Öka hastighet,1
POF,320,Vad är en vanlig orsak till att ett flygplan upplever vibrationer vid hög hastighet?,Aerodynamisk obalans,Ökad lyftkraft,Minskad luftdensitet,Felaktig bränsleblandning,1
POF,321,Vad är syftet med en Krueger-flap?,Öka lyftkraft vid låga hastigheter,Minska hastighet,Styra gir,Minska bränsleförbrukning,1
POF,322,Vad kallas den effekt som gör att ett flygplan tenderar att återgå till stabil flygning?,Statisk stabilitet,Dynamisk stabilitet,Aerodynamisk stabilitet,Termisk stabilitet,1
POF,323,Vad är en fördel med en hög vingspann-till-korda-förhållande vid glidflygning?,Bättre glidprestanda,Högre hastighet,Lägre lyftkraft,Ökad bränsleförbrukning,1
POF,324,Vad är syftet med en vingklaff vid start?,Öka lyftkraft och minska starsträcka,Minska hastighet,Styra gir,Öka bränsleförbrukning,1
POF,325,Vad kallas den hastighet där flygplanet har högsta lyft-till-motstånd-förhållande?,Bästa glidvinkel,Krysshastighet,Stallhastighet,Maxhastighet,1
POF,326,Vad är en vanlig orsak till att ett flygplan stallar vid hög höjd?,Lägre luftdensitet,Ökad hastighet,Minskad motorstyrka,Ökad vingbelastning,1
POF,327,Vad är syftet med en fenliknande struktur på flygkroppen?,Förbättra riktningsstabilitet,Öka lyftkraft,Minska hastighet,Öka bränsleförbrukning,1
POF,328,Vad kallas den effekt som gör att ett flygplan kan svänga utan att rulla?,Koordinerad sväng,Sidoslir,Adverse yaw,Rullmoment,1
POF,329,Vad är en fördel med en lågvingad konstruktion vid höga hastigheter?,Bätter stabilitet,Högre lyftkraft,Better markfrigång,Minskad vikt,1
POF,330,Vad är syftet med en vingklaff vid landning?,Öka lyftkraft och minska hastighet,Öka hastighet,Styra gir,Minska bränsleförbrukning,1
POF,331,Vad kallas den hastighet där flygplanet kan flyga med minsta bränsleförbrukning per kilometer?,Räckviddshastighet,Krysshastighet,Stallhastighet,Maxhastighet,1
POF,332,Vad är en vanlig orsak till att ett flygplan upplever sidoslir?,Obalans i sidroder,Ökad lyftkraft,Minskad dragkraft,Ökad motorstyrka,1
POF,333,Vad är syftet med en vingprofil med låg camber?,Bättre prestanda vid höga hastigheter,Öka lyftkraft vid låga hastigheter,Minska bränsleförbrukning,Styra gir,1
POF,334,Vad kallas den effekt som gör att ett flygplan tenderar att rulla vid gir?,Rullmoment,Adverse yaw,Sidoslir,Stall,1
POF,335,Vad är en fördel med en hög vingspann?,Minska virvelmotstånd,Öka hastighet,Minska lyftkraft,Öka bränsleförbrukning,1
POF,336,Vad är syftet med en tryckkabin i hög höjd?,Upprätthålla behaglig trycknivå,Öka lyftkraft,Minska hastighet,Öka bränsleförbrukning,1
POF,337,Vad kallas den vinkel som flygplanet har i förhållande till vinden under landning?,Glidvinkel,Anfallsvinkel,Svängvinkel,Rullvinkel,1
POF,338,Vad är syftet med en vortex generator på vingen?,Fördröja stall,Öka hastighet,Minska lyftkraft,Styra gir,1
POF,339,Vad kallas den hastighet där flygplanet kan klättra med högsta vinkel?,Bästa stigningsvinkel,Krysshastighet,Stallhastighet,Maxhastighet,1
POF,340,Vad är en vanlig orsak till att ett flygplan vibrerar under flygning?,Obalans i motor eller propeller,Ökad lyftkraft,Minskad luftdensitet,Ökad hastighet,1
POF,341,Vad är syftet med en strömplatta på vingen?,Förbättra luftflödet,Öka hastighet,Minska lyftkraft,Styra gir,1
